,日均自然衰减 (unit/day),月均自然衰减 (unit/month)
A_1,-0.306784279555404,-9.338513469666498
A_2,-0.3271957706271192,-9.959839257889508
A_3,-0.3594160267221791,-10.940623853423132
A_4,-0.35182938234017,-10.709686398434776
A_5,-0.2932939384893841,-8.927867487616853
A_6,-0.42771381051282525,-13.0196083920104
A_7,-0.35164074226151937,-10.70394419444065
A_8,-0.4483675810268079,-13.648309166456032
A_9,-0.3696716903451638,-11.252806254106787
A_10,-0.4138526917644488,-12.597675937309821
