month,deviation
1,-17.21998892600983
2,-10.499968204697634
3,-5.542540911106852
4,-0.7717524572835608
5,1.9827288019028493
6,10.729831435154363
7,10.783422976774718
8,13.987739000754079
9,12.507868265757962
10,1.9672635647377974
11,-4.904258605688831
12,-13.020344940295084
